customer_id,signup_date,last_purchase_date,total_orders,total_revenue,avg_order_value,returns_count,support_tickets
C001,2024-01-15,2026-05-20,18,9200,511.11,1,2
C002,2024-07-03,2026-01-11,4,840,210.00,0,1
C003,2023-11-21,2026-06-10,27,15400,570.37,2,3
C004,2025-02-10,2025-12-02,2,310,155.00,0,0
C005,2024-03-18,2026-06-01,12,4800,400.00,1,1
C006,2023-09-04,2025-09-25,7,2100,300.00,3,5
C007,2025-12-19,2026-06-12,3,720,240.00,0,0
C008,2024-05-05,2026-04-07,15,6100,406.67,1,2
