customer_id,signup_date,last_purchase_date,total_orders,total_revenue,avg_order_value,returns_count,support_tickets,recency_days,customer_age_days,orders_per_month,churn_risk_score,segment,recommended_action
C006,2023-09-04,2025-09-25,7,2100,300.0,3,5,277,1029,0.2,0.97,Core Customer,Maintain engagement with category-based recommendations.
C004,2025-02-10,2025-12-02,2,310,155.0,0,0,209,504,0.12,0.83,New or Low Frequency,Trigger onboarding journey and second-purchase offer.
C002,2024-07-03,2026-01-11,4,840,210.0,0,1,169,726,0.17,0.82,Core Customer,Maintain engagement with category-based recommendations.
C008,2024-05-05,2026-04-07,15,6100,406.67,1,2,83,785,0.57,0.53,Core Customer,Maintain engagement with category-based recommendations.
C001,2024-01-15,2026-05-20,18,9200,511.11,1,2,40,896,0.6,0.39,High Value Loyal,Offer premium loyalty benefits and cross-sell bundles.
C005,2024-03-18,2026-06-01,12,4800,400.0,1,1,28,833,0.43,0.35,Core Customer,Maintain engagement with category-based recommendations.
C003,2023-11-21,2026-06-10,27,15400,570.37,2,3,19,951,0.85,0.32,High Value Loyal,Offer premium loyalty benefits and cross-sell bundles.
C007,2025-12-19,2026-06-12,3,720,240.0,0,0,17,192,0.47,0.28,New or Low Frequency,Trigger onboarding journey and second-purchase offer.
